"コード記号","表示表記","コード分類","ルート (R)","3度音 (3/♭3/4)","5度音 (5/♭5/♯5)","7度音 (7/♭7/♭♭7/6)"
"CM7","CM7","メジャー7th","C","3: E","5: G","7: B"
"CΔ7","CΔ7","メジャー7th","C","3: E","5: G","7: B"
"C^7","CΔ7","メジャー7th","C","3: E","5: G","7: B"
"C7","C7","ドミナント7th","C","3: E","5: G","♭7: Bb"
"C7sus4","C7sus4","ドミナント7th","C","4: F","5: G","♭7: Bb"
"Cm7","Cm7","マイナー7th","C","♭3: Eb","5: G","♭7: Bb"
"C-7","Cm7","マイナー7th","C","♭3: Eb","5: G","♭7: Bb"
"Cm7b5","Cm7♭5","マイナー7th(♭5)","C","♭3: Eb","♭5: Gb","♭7: Bb"
"Ch7","Cm7(♭5)","マイナー7th(♭5)","C","3: E","♭5: Gb","♭7: Bb"
"Cdim7","Cdim7","ディミニッシュ7th","C","3: E","♭5: Gb","♭♭7: Bbb"
"Co7","Cdim7","ディミニッシュ7th","C","3: E","♭5: Gb","♭♭7: Bbb"
"C6","C6","6th","C","3: E","5: G","6: Bbb"
"Cm6","Cm6","6th","C","♭3: Eb","5: G","6: Bbb"
"C","C","トライアド","C","3: E","5: G","-"
"Cm","Cm","トライアド","C","♭3: Eb","5: G","-"
"Cdim","Cdim","トライアド","C","3: E","♭5: Gb","-"
"Caug","Caug","トライアド","C","3: E","♯5: G#","-"
"DbM7","D♭M7","メジャー7th","Db","3: F","5: Ab","7: C"
"DbΔ7","D♭Δ7","メジャー7th","Db","3: F","5: Ab","7: C"
"Db^7","D♭Δ7","メジャー7th","Db","3: F","5: Ab","7: C"
"Db7","D♭7","ドミナント7th","Db","3: F","5: Ab","♭7: Cb"
"Db7sus4","D♭7sus4","ドミナント7th","Db","4: Gb","5: Ab","♭7: Cb"
"Dbm7","D♭m7","マイナー7th","Db","♭3: Fb","5: Ab","♭7: Cb"
"Db-7","D♭m7","マイナー7th","Db","♭3: Fb","5: Ab","♭7: Cb"
"Dbm7b5","D♭m7♭5","マイナー7th(♭5)","Db","♭3: Fb","♭5: Abb","♭7: Cb"
"Dbh7","D♭m7(♭5)","マイナー7th(♭5)","Db","3: F","♭5: Abb","♭7: Cb"
"Dbdim7","D♭dim7","ディミニッシュ7th","Db","3: F","♭5: Abb","♭♭7: Cbb"
"Dbo7","D♭dim7","ディミニッシュ7th","Db","3: F","♭5: Abb","♭♭7: Cbb"
"Db6","D♭6","6th","Db","3: F","5: Ab","6: Cbb"
"Dbm6","D♭m6","6th","Db","♭3: Fb","5: Ab","6: Cbb"
"Db","D♭","トライアド","Db","3: F","5: Ab","-"
"Dbm","D♭m","トライアド","Db","♭3: Fb","5: Ab","-"
"Dbdim","D♭dim","トライアド","Db","3: F","♭5: Abb","-"
"Dbaug","D♭aug","トライアド","Db","3: F","♯5: A","-"
"DM7","DM7","メジャー7th","D","3: F#","5: A","7: C#"
"DΔ7","DΔ7","メジャー7th","D","3: F#","5: A","7: C#"
"D^7","DΔ7","メジャー7th","D","3: F#","5: A","7: C#"
"D7","D7","ドミナント7th","D","3: F#","5: A","♭7: C"
"D7sus4","D7sus4","ドミナント7th","D","4: G","5: A","♭7: C"
"Dm7","Dm7","マイナー7th","D","♭3: F","5: A","♭7: C"
"D-7","Dm7","マイナー7th","D","♭3: F","5: A","♭7: C"
"Dm7b5","Dm7♭5","マイナー7th(♭5)","D","♭3: F","♭5: Ab","♭7: C"
"Dh7","Dm7(♭5)","マイナー7th(♭5)","D","3: F#","♭5: Ab","♭7: C"
"Ddim7","Ddim7","ディミニッシュ7th","D","3: F#","♭5: Ab","♭♭7: Cb"
"Do7","Ddim7","ディミニッシュ7th","D","3: F#","♭5: Ab","♭♭7: Cb"
"D6","D6","6th","D","3: F#","5: A","6: Cb"
"Dm6","Dm6","6th","D","♭3: F","5: A","6: Cb"
"D","D","トライアド","D","3: F#","5: A","-"
"Dm","Dm","トライアド","D","♭3: F","5: A","-"
"Ddim","Ddim","トライアド","D","3: F#","♭5: Ab","-"
"Daug","Daug","トライアド","D","3: F#","♯5: A#","-"
"EbM7","E♭M7","メジャー7th","Eb","3: G","5: Bb","7: D"
"EbΔ7","E♭Δ7","メジャー7th","Eb","3: G","5: Bb","7: D"
"Eb^7","E♭Δ7","メジャー7th","Eb","3: G","5: Bb","7: D"
"Eb7","E♭7","ドミナント7th","Eb","3: G","5: Bb","♭7: Db"
"Eb7sus4","E♭7sus4","ドミナント7th","Eb","4: Ab","5: Bb","♭7: Db"
"Ebm7","E♭m7","マイナー7th","Eb","♭3: Gb","5: Bb","♭7: Db"
"Eb-7","E♭m7","マイナー7th","Eb","♭3: Gb","5: Bb","♭7: Db"
"Ebm7b5","E♭m7♭5","マイナー7th(♭5)","Eb","♭3: Gb","♭5: Bbb","♭7: Db"
"Ebh7","E♭m7(♭5)","マイナー7th(♭5)","Eb","3: G","♭5: Bbb","♭7: Db"
"Ebdim7","E♭dim7","ディミニッシュ7th","Eb","3: G","♭5: Bbb","♭♭7: Dbb"
"Ebo7","E♭dim7","ディミニッシュ7th","Eb","3: G","♭5: Bbb","♭♭7: Dbb"
"Eb6","E♭6","6th","Eb","3: G","5: Bb","6: Dbb"
"Ebm6","E♭m6","6th","Eb","♭3: Gb","5: Bb","6: Dbb"
"Eb","E♭","トライアド","Eb","3: G","5: Bb","-"
"Ebm","E♭m","トライアド","Eb","♭3: Gb","5: Bb","-"
"Ebdim","E♭dim","トライアド","Eb","3: G","♭5: Bbb","-"
"Ebaug","E♭aug","トライアド","Eb","3: G","♯5: B","-"
"EM7","EM7","メジャー7th","E","3: G#","5: B","7: D#"
"EΔ7","EΔ7","メジャー7th","E","3: G#","5: B","7: D#"
"E^7","EΔ7","メジャー7th","E","3: G#","5: B","7: D#"
"E7","E7","ドミナント7th","E","3: G#","5: B","♭7: D"
"E7sus4","E7sus4","ドミナント7th","E","4: A","5: B","♭7: D"
"Em7","Em7","マイナー7th","E","♭3: G","5: B","♭7: D"
"E-7","Em7","マイナー7th","E","♭3: G","5: B","♭7: D"
"Em7b5","Em7♭5","マイナー7th(♭5)","E","♭3: G","♭5: Bb","♭7: D"
"Eh7","Em7(♭5)","マイナー7th(♭5)","E","3: G#","♭5: Bb","♭7: D"
"Edim7","Edim7","ディミニッシュ7th","E","3: G#","♭5: Bb","♭♭7: Db"
"Eo7","Edim7","ディミニッシュ7th","E","3: G#","♭5: Bb","♭♭7: Db"
"E6","E6","6th","E","3: G#","5: B","6: Db"
"Em6","Em6","6th","E","♭3: G","5: B","6: Db"
"E","E","トライアド","E","3: G#","5: B","-"
"Em","Em","トライアド","E","♭3: G","5: B","-"
"Edim","Edim","トライアド","E","3: G#","♭5: Bb","-"
"Eaug","Eaug","トライアド","E","3: G#","♯5: B#","-"
"FM7","FM7","メジャー7th","F","3: A","5: C","7: E"
"FΔ7","FΔ7","メジャー7th","F","3: A","5: C","7: E"
"F^7","FΔ7","メジャー7th","F","3: A","5: C","7: E"
"F7","F7","ドミナント7th","F","3: A","5: C","♭7: Eb"
"F7sus4","F7sus4","ドミナント7th","F","4: Bb","5: C","♭7: Eb"
"Fm7","Fm7","マイナー7th","F","♭3: Ab","5: C","♭7: Eb"
"F-7","Fm7","マイナー7th","F","♭3: Ab","5: C","♭7: Eb"
"Fm7b5","Fm7♭5","マイナー7th(♭5)","F","♭3: Ab","♭5: Cb","♭7: Eb"
"Fh7","Fm7(♭5)","マイナー7th(♭5)","F","3: A","♭5: Cb","♭7: Eb"
"Fdim7","Fdim7","ディミニッシュ7th","F","3: A","♭5: Cb","♭♭7: Ebb"
"Fo7","Fdim7","ディミニッシュ7th","F","3: A","♭5: Cb","♭♭7: Ebb"
"F6","F6","6th","F","3: A","5: C","6: Ebb"
"Fm6","Fm6","6th","F","♭3: Ab","5: C","6: Ebb"
"F","F","トライアド","F","3: A","5: C","-"
"Fm","Fm","トライアド","F","♭3: Ab","5: C","-"
"Fdim","Fdim","トライアド","F","3: A","♭5: Cb","-"
"Faug","Faug","トライアド","F","3: A","♯5: C#","-"
"GbM7","G♭M7","メジャー7th","Gb","3: Bb","5: Db","7: F"
"GbΔ7","G♭Δ7","メジャー7th","Gb","3: Bb","5: Db","7: F"
"Gb^7","G♭Δ7","メジャー7th","Gb","3: Bb","5: Db","7: F"
"Gb7","G♭7","ドミナント7th","Gb","3: Bb","5: Db","♭7: Fb"
"Gb7sus4","G♭7sus4","ドミナント7th","Gb","4: Cb","5: Db","♭7: Fb"
"Gbm7","G♭m7","マイナー7th","Gb","♭3: Bbb","5: Db","♭7: Fb"
"Gb-7","G♭m7","マイナー7th","Gb","♭3: Bbb","5: Db","♭7: Fb"
"Gbm7b5","G♭m7♭5","マイナー7th(♭5)","Gb","♭3: Bbb","♭5: Dbb","♭7: Fb"
"Gbh7","G♭m7(♭5)","マイナー7th(♭5)","Gb","3: Bb","♭5: Dbb","♭7: Fb"
"Gbdim7","G♭dim7","ディミニッシュ7th","Gb","3: Bb","♭5: Dbb","♭♭7: Fbb"
"Gbo7","G♭dim7","ディミニッシュ7th","Gb","3: Bb","♭5: Dbb","♭♭7: Fbb"
"Gb6","G♭6","6th","Gb","3: Bb","5: Db","6: Fbb"
"Gbm6","G♭m6","6th","Gb","♭3: Bbb","5: Db","6: Fbb"
"Gb","G♭","トライアド","Gb","3: Bb","5: Db","-"
"Gbm","G♭m","トライアド","Gb","♭3: Bbb","5: Db","-"
"Gbdim","G♭dim","トライアド","Gb","3: Bb","♭5: Dbb","-"
"Gbaug","G♭aug","トライアド","Gb","3: Bb","♯5: D","-"
"GM7","GM7","メジャー7th","G","3: B","5: D","7: F#"
"GΔ7","GΔ7","メジャー7th","G","3: B","5: D","7: F#"
"G^7","GΔ7","メジャー7th","G","3: B","5: D","7: F#"
"G7","G7","ドミナント7th","G","3: B","5: D","♭7: F"
"G7sus4","G7sus4","ドミナント7th","G","4: C","5: D","♭7: F"
"Gm7","Gm7","マイナー7th","G","♭3: Bb","5: D","♭7: F"
"G-7","Gm7","マイナー7th","G","♭3: Bb","5: D","♭7: F"
"Gm7b5","Gm7♭5","マイナー7th(♭5)","G","♭3: Bb","♭5: Db","♭7: F"
"Gh7","Gm7(♭5)","マイナー7th(♭5)","G","3: B","♭5: Db","♭7: F"
"Gdim7","Gdim7","ディミニッシュ7th","G","3: B","♭5: Db","♭♭7: Fb"
"Go7","Gdim7","ディミニッシュ7th","G","3: B","♭5: Db","♭♭7: Fb"
"G6","G6","6th","G","3: B","5: D","6: Fb"
"Gm6","Gm6","6th","G","♭3: Bb","5: D","6: Fb"
"G","G","トライアド","G","3: B","5: D","-"
"Gm","Gm","トライアド","G","♭3: Bb","5: D","-"
"Gdim","Gdim","トライアド","G","3: B","♭5: Db","-"
"Gaug","Gaug","トライアド","G","3: B","♯5: D#","-"
"AbM7","A♭M7","メジャー7th","Ab","3: C","5: Eb","7: G"
"AbΔ7","A♭Δ7","メジャー7th","Ab","3: C","5: Eb","7: G"
"Ab^7","A♭Δ7","メジャー7th","Ab","3: C","5: Eb","7: G"
"Ab7","A♭7","ドミナント7th","Ab","3: C","5: Eb","♭7: Gb"
"Ab7sus4","A♭7sus4","ドミナント7th","Ab","4: Db","5: Eb","♭7: Gb"
"Abm7","A♭m7","マイナー7th","Ab","♭3: Cb","5: Eb","♭7: Gb"
"Ab-7","A♭m7","マイナー7th","Ab","♭3: Cb","5: Eb","♭7: Gb"
"Abm7b5","A♭m7♭5","マイナー7th(♭5)","Ab","♭3: Cb","♭5: Ebb","♭7: Gb"
"Abh7","A♭m7(♭5)","マイナー7th(♭5)","Ab","3: C","♭5: Ebb","♭7: Gb"
"Abdim7","A♭dim7","ディミニッシュ7th","Ab","3: C","♭5: Ebb","♭♭7: Gbb"
"Abo7","A♭dim7","ディミニッシュ7th","Ab","3: C","♭5: Ebb","♭♭7: Gbb"
"Ab6","A♭6","6th","Ab","3: C","5: Eb","6: Gbb"
"Abm6","A♭m6","6th","Ab","♭3: Cb","5: Eb","6: Gbb"
"Ab","A♭","トライアド","Ab","3: C","5: Eb","-"
"Abm","A♭m","トライアド","Ab","♭3: Cb","5: Eb","-"
"Abdim","A♭dim","トライアド","Ab","3: C","♭5: Ebb","-"
"Abaug","A♭aug","トライアド","Ab","3: C","♯5: E","-"
"AM7","AM7","メジャー7th","A","3: C#","5: E","7: G#"
"AΔ7","AΔ7","メジャー7th","A","3: C#","5: E","7: G#"
"A^7","AΔ7","メジャー7th","A","3: C#","5: E","7: G#"
"A7","A7","ドミナント7th","A","3: C#","5: E","♭7: G"
"A7sus4","A7sus4","ドミナント7th","A","4: D","5: E","♭7: G"
"Am7","Am7","マイナー7th","A","♭3: C","5: E","♭7: G"
"A-7","Am7","マイナー7th","A","♭3: C","5: E","♭7: G"
"Am7b5","Am7♭5","マイナー7th(♭5)","A","♭3: C","♭5: Eb","♭7: G"
"Ah7","Am7(♭5)","マイナー7th(♭5)","A","3: C#","♭5: Eb","♭7: G"
"Adim7","Adim7","ディミニッシュ7th","A","3: C#","♭5: Eb","♭♭7: Gb"
"Ao7","Adim7","ディミニッシュ7th","A","3: C#","♭5: Eb","♭♭7: Gb"
"A6","A6","6th","A","3: C#","5: E","6: Gb"
"Am6","Am6","6th","A","♭3: C","5: E","6: Gb"
"A","A","トライアド","A","3: C#","5: E","-"
"Am","Am","トライアド","A","♭3: C","5: E","-"
"Adim","Adim","トライアド","A","3: C#","♭5: Eb","-"
"Aaug","Aaug","トライアド","A","3: C#","♯5: E#","-"
"BbM7","B♭M7","メジャー7th","Bb","3: D","5: F","7: A"
"BbΔ7","B♭Δ7","メジャー7th","Bb","3: D","5: F","7: A"
"Bb^7","B♭Δ7","メジャー7th","Bb","3: D","5: F","7: A"
"Bb7","B♭7","ドミナント7th","Bb","3: D","5: F","♭7: Ab"
"Bb7sus4","B♭7sus4","ドミナント7th","Bb","4: Eb","5: F","♭7: Ab"
"Bbm7","B♭m7","マイナー7th","Bb","♭3: Db","5: F","♭7: Ab"
"Bb-7","B♭m7","マイナー7th","Bb","♭3: Db","5: F","♭7: Ab"
"Bbm7b5","B♭m7♭5","マイナー7th(♭5)","Bb","♭3: Db","♭5: Fb","♭7: Ab"
"Bbh7","B♭m7(♭5)","マイナー7th(♭5)","Bb","3: D","♭5: Fb","♭7: Ab"
"Bbdim7","B♭dim7","ディミニッシュ7th","Bb","3: D","♭5: Fb","♭♭7: Abb"
"Bbo7","B♭dim7","ディミニッシュ7th","Bb","3: D","♭5: Fb","♭♭7: Abb"
"Bb6","B♭6","6th","Bb","3: D","5: F","6: Abb"
"Bbm6","B♭m6","6th","Bb","♭3: Db","5: F","6: Abb"
"Bb","B♭","トライアド","Bb","3: D","5: F","-"
"Bbm","B♭m","トライアド","Bb","♭3: Db","5: F","-"
"Bbdim","B♭dim","トライアド","Bb","3: D","♭5: Fb","-"
"Bbaug","B♭aug","トライアド","Bb","3: D","♯5: F#","-"
"BM7","BM7","メジャー7th","B","3: D#","5: F#","7: A#"
"BΔ7","BΔ7","メジャー7th","B","3: D#","5: F#","7: A#"
"B^7","BΔ7","メジャー7th","B","3: D#","5: F#","7: A#"
"B7","B7","ドミナント7th","B","3: D#","5: F#","♭7: A"
"B7sus4","B7sus4","ドミナント7th","B","4: E","5: F#","♭7: A"
"Bm7","Bm7","マイナー7th","B","♭3: D","5: F#","♭7: A"
"B-7","Bm7","マイナー7th","B","♭3: D","5: F#","♭7: A"
"Bm7b5","Bm7♭5","マイナー7th(♭5)","B","♭3: D","♭5: F","♭7: A"
"Bh7","Bm7(♭5)","マイナー7th(♭5)","B","3: D#","♭5: F","♭7: A"
"Bdim7","Bdim7","ディミニッシュ7th","B","3: D#","♭5: F","♭♭7: Ab"
"Bo7","Bdim7","ディミニッシュ7th","B","3: D#","♭5: F","♭♭7: Ab"
"B6","B6","6th","B","3: D#","5: F#","6: Ab"
"Bm6","Bm6","6th","B","♭3: D","5: F#","6: Ab"
"B","B","トライアド","B","3: D#","5: F#","-"
"Bm","Bm","トライアド","B","♭3: D","5: F#","-"
"Bdim","Bdim","トライアド","B","3: D#","♭5: F","-"
"Baug","Baug","トライアド","B","3: D#","♯5: F##","-"